subid,Age,Sex
sub-5098010,6.508898,F
sub-5364560,16.335843,F
sub-5871610,15.727469000000001,F
sub-5007372,16.496691000000002,F
sub-5037650,8.666438000000001,F
sub-5080946,12.48574,F
sub-5104233,8.237166,F
sub-5116635,13.436344,F
sub-5123565,11.31451,F
sub-5144349,8.532397,F
sub-5153348,11.812799,F
sub-5154181,9.98939,F
sub-5168371,9.488364,F
sub-5170698,14.367214,F
sub-5193767,15.954597,F
sub-5207931,16.715833,F
sub-5211558,15.328199,F
sub-5221422,16.444672,F
sub-5242131,8.138147,F
sub-5246757,11.475586999999999,F
sub-5248293,11.366529,F
sub-5248872,11.188455000000001,F
sub-5264335,10.298311,F
sub-5272018,14.347592,F
sub-5279639,10.823864,F
sub-5317742,16.757357,F
sub-5319833,16.044946,F
sub-5346979,14.408396,F
sub-5359923,8.037303,F
sub-5378837,13.515172,F
sub-5398395,7.817703999999999,F
sub-5427522,9.052589,F
sub-5429531,6.32877,F
sub-5436740,7.757472,F
sub-5450456,14.640543,F
sub-5540199,11.6013,F
sub-5540614,13.326716000000001,F
sub-5550923,8.847592,F
sub-5577709,15.793633999999999,F
sub-5588423,10.402806,F
sub-5592961,6.103924,F
sub-5625110,11.527378,F
sub-5628721,11.856148,F
sub-5643154,5.5809940000000005,F
sub-5659217,14.486995,F
sub-5671475,9.477412,F
sub-5677444,10.189252999999999,F
sub-5684820,15.224160999999999,F
sub-5708606,19.286561,F
sub-5709435,6.456992,F
sub-5723216,7.908510000000001,F
sub-5754263,11.127766000000001,F
sub-5759676,5.866187,F
sub-5776226,14.167351000000002,F
sub-5788704,11.432352,F
sub-5794459,10.274013,F
sub-5794726,8.42334,F
sub-5814252,10.051791,F
sub-5834050,7.9163809999999994,F
sub-5836317,14.115445999999999,F
sub-5903304,13.463723000000002,F
sub-5925412,12.997717999999999,F
sub-5928244,15.180354999999999,F
sub-5945947,8.866187,F
sub-5968295,14.112023,F
sub-5984214,5.496576999999999,F
sub-5998532,16.926534,F
sub-5039851,15.87018,F
sub-5049976,8.491216,F
sub-5153227,9.389801,F
sub-5250889,9.263860000000001,F
sub-5255301,13.635637,F
sub-5271979,10.021788,F
sub-5281651,15.142026000000001,F
sub-5347650,17.788957,F
sub-5372695,8.718457,F
sub-5380571,15.158453,F
sub-5463261,18.260438,F
sub-5475133,9.279831,F
sub-5483541,9.101756,F
sub-5504579,9.627538000000001,F
sub-5687013,12.784166,F
sub-5696555,7.486994999999999,F
sub-5727742,9.586356,F
sub-5753933,16.527264000000002,F
sub-5880494,7.1173850000000005,F
sub-5897004,7.407027,F
sub-5921308,10.180926,F
sub-5940444,7.7218789999999995,F
sub-5946924,10.02715,F
sub-5948305,6.5396980000000005,F
sub-5954649,13.129705,F
sub-5991249,11.407597,F
sub-5051717,13.354208999999999,F
sub-5055848,16.19279,F
sub-5082386,9.824549000000001,F
sub-5132642,8.086584,F
sub-5138395,15.486424,F
sub-5222422,6.980492,F
sub-5264179,18.129020999999998,F
sub-5283235,9.838809,F
sub-5362987,12.215263,F
sub-5416041,17.345425,F
sub-5425825,8.157198,F
sub-5435417,8.315992999999999,F
sub-5454529,21.899041,F
sub-5472356,11.825918,F
sub-5496797,15.231804,F
sub-5521703,8.647273,F
sub-5537803,12.560232000000001,F
sub-5557548,11.341318,F
sub-5581417,11.815536999999999,F
sub-5598668,14.845767000000002,F
sub-5602755,14.462468,F
sub-5651701,12.904631,F
sub-5847726,13.058521,F
sub-5856575,9.65754,F
sub-5904606,9.102327,F
